Drug Name,Price,Instruction of Usage
Amoxicillin,12568,Take one tablet before bedtime.
Gabapentin,6122,Take one tablet three times a day.
Levothyroxine,31329,Take one tablet every morning.
Amoxicillin,23689,Take one tablet every 6 hours.
Metoprolol,48055,Take one tablet twice daily.
Amlodipine,10811,Take one tablet daily.
Amoxicillin,20374,Take one tablet three times a day.
Lisinopril,21676,Take one tablet daily.
Azithromycin,37855,Take one tablet every 6 hours.
Azithromycin,25352,Take one tablet three times a day.
Azithromycin,40137,Take one tablet twice daily.
Cetirizine,30519,Take one tablet every morning.
Gabapentin,21769,Take one tablet daily.
Ibuprofen,28908,Take one tablet with water.
Montelukast,8731,Take one tablet twice daily.
Lisinopril,11144,Take one tablet twice daily.
Tamsulosin,30457,Take one tablet every 8 hours for 7 days.
Gabapentin,49879,Take one tablet every 8 hours for 7 days.
Amlodipine,9645,Take one tablet three times a day.
Simvastatin,14951,Take one tablet every morning.
Montelukast,21026,Take one tablet before meals.
Simvastatin,9294,Take one tablet every 8 hours for 7 days.
Ibuprofen,10252,Take one tablet before meals.
Hydrochlorothiazide,26930,Take one tablet every 6 hours.
Gabapentin,42702,Take one tablet every 8 hours for 7 days.
Gabapentin,12401,Take one tablet before bedtime.
Metformin,21373,Take one tablet before bedtime.
Metoprolol,10532,Take one tablet with water.
Montelukast,32653,Take one tablet with water.
Lisinopril,45246,Take one tablet every 8 hours for 7 days.
Hydrochlorothiazide,40911,Take one tablet daily.
Losartan,49641,Take one tablet with water.
Metoprolol,24845,Take one tablet every 4-6 hours.
Omeprazole,28138,Take one tablet before bedtime.
Amlodipine,16591,Take one tablet every 4-6 hours.
Furosemide,12986,Take one tablet every 6 hours.
Gabapentin,13823,Take one tablet before meals.
Hydrochlorothiazide,8782,Take one tablet every 8 hours for 7 days.
Amoxicillin,43359,Take one tablet before meals.
Amoxicillin,25074,Take one tablet every 8 hours for 7 days.
Gabapentin,21617,Take one tablet twice daily.
Furosemide,7936,Take one tablet every 8 hours for 7 days.
Simvastatin,35936,Take one tablet twice daily.
Atorvastatin,36250,Take one tablet every 8 hours for 7 days.
Hydrochlorothiazide,40725,Take one tablet before meals.
Omeprazole,47128,Take one tablet every 4-6 hours.
Metoprolol,16609,Take one tablet before bedtime.
Amlodipine,33433,Take one tablet with water.
Lisinopril,46897,Take one tablet twice daily.
Sertraline,30481,Take one tablet twice daily.
Sertraline,18863,Take one tablet three times a day.
Paracetamol,8693,Take one tablet before bedtime.
Azithromycin,10379,Take one tablet before bedtime.
Paracetamol,41313,Take one tablet twice daily.
Losartan,45738,Take one tablet with water.
Azithromycin,27621,Take one tablet three times a day.
Amlodipine,29375,Take one tablet daily.
Amoxicillin,32212,Take one tablet twice daily.
Levothyroxine,26913,Take one tablet three times a day.
Amlodipine,11531,Take one tablet with water.
Tamsulosin,24903,Take one tablet twice daily.
Cetirizine,32332,Take one tablet every 4-6 hours.
Omeprazole,35248,Take one tablet before meals.
Azithromycin,18145,Take one tablet every 6 hours.
Lisinopril,32245,Take one tablet before bedtime.
Montelukast,7298,Take one tablet twice daily.
Omeprazole,45243,Take one tablet daily.
Atorvastatin,47289,Take one tablet before bedtime.
Sertraline,46526,Take one tablet every 4-6 hours.
Gabapentin,42339,Take one tablet twice daily.
Metformin,46839,Take one tablet three times a day.
Atorvastatin,30438,Take one tablet daily.
Metformin,43682,Take one tablet twice daily.
Metformin,6565,Take one tablet daily.
Cetirizine,36866,Take one tablet every morning.
Metformin,26257,Take one tablet every 8 hours for 7 days.
Furosemide,40142,Take one tablet daily.
Montelukast,37001,Take one tablet before meals.
Lisinopril,11466,Take one tablet daily.
Levothyroxine,17181,Take one tablet before bedtime.
Cetirizine,41646,Take one tablet every morning.
Metformin,42092,Take one tablet every morning.
Gabapentin,44665,Take one tablet before bedtime.
Hydrochlorothiazide,26337,Take one tablet every 8 hours for 7 days.
Montelukast,18380,Take one tablet every 8 hours for 7 days.
Montelukast,48233,Take one tablet with water.
Paracetamol,29216,Take one tablet before bedtime.
Amlodipine,12290,Take one tablet every 8 hours for 7 days.
Montelukast,48183,Take one tablet with water.
Metformin,24892,Take one tablet before bedtime.
Sertraline,18351,Take one tablet every 4-6 hours.
Lisinopril,19890,Take one tablet twice daily.
Levothyroxine,49463,Take one tablet every 6 hours.
Furosemide,31530,Take one tablet every 8 hours for 7 days.
Cetirizine,22236,Take one tablet every 6 hours.
Simvastatin,39099,Take one tablet every 8 hours for 7 days.
Paracetamol,38053,Take one tablet every 6 hours.
Omeprazole,5597,Take one tablet every 4-6 hours.
Sertraline,8305,Take one tablet daily.
Lisinopril,7009,Take one tablet every morning.
Paracetamol,39420,Take one tablet every 8 hours for 7 days.
Hydrochlorothiazide,36647,Take one tablet every 8 hours for 7 days.
Gabapentin,5353,Take one tablet every 6 hours.
Hydrochlorothiazide,28324,Take one tablet every 8 hours for 7 days.
Azithromycin,7031,Take one tablet with water.
Amoxicillin,36160,Take one tablet every 6 hours.
Cetirizine,21845,Take one tablet before meals.
Amoxicillin,20913,Take one tablet with water.
Metformin,44368,Take one tablet with water.
Losartan,45426,Take one tablet twice daily.
Omeprazole,19013,Take one tablet before bedtime.
Metoprolol,33634,Take one tablet before bedtime.
Azithromycin,20172,Take one tablet with water.
Atorvastatin,36957,Take one tablet every morning.
Ibuprofen,17363,Take one tablet every 6 hours.
Omeprazole,18222,Take one tablet three times a day.
Cetirizine,31547,Take one tablet every morning.
Amlodipine,33403,Take one tablet three times a day.
Montelukast,20517,Take one tablet before meals.
Metformin,39718,Take one tablet every 4-6 hours.
Cetirizine,38954,Take one tablet with water.
Gabapentin,23001,Take one tablet before meals.
Cetirizine,9291,Take one tablet three times a day.
Simvastatin,34087,Take one tablet three times a day.
Gabapentin,37656,Take one tablet daily.
Azithromycin,40036,Take one tablet every 6 hours.
Tamsulosin,8919,Take one tablet twice daily.
Cetirizine,17912,Take one tablet daily.
Cetirizine,15644,Take one tablet every 6 hours.
Levothyroxine,20447,Take one tablet every 4-6 hours.
Levothyroxine,30104,Take one tablet twice daily.
Simvastatin,37875,Take one tablet every 8 hours for 7 days.
Ibuprofen,25336,Take one tablet every 8 hours for 7 days.
Hydrochlorothiazide,22053,Take one tablet daily.
Tamsulosin,12523,Take one tablet daily.
Amoxicillin,6359,Take one tablet before bedtime.
Omeprazole,26856,Take one tablet three times a day.
Metformin,14192,Take one tablet twice daily.
Amlodipine,32824,Take one tablet every morning.
Losartan,20691,Take one tablet before meals.
Hydrochlorothiazide,38193,Take one tablet every 6 hours.
Furosemide,47587,Take one tablet daily.
Metformin,10664,Take one tablet every morning.
Gabapentin,16394,Take one tablet with water.
Furosemide,10491,Take one tablet every 8 hours for 7 days.
Cetirizine,20418,Take one tablet three times a day.
Lisinopril,33011,Take one tablet every morning.
Gabapentin,32283,Take one tablet twice daily.
Amoxicillin,29295,Take one tablet every 4-6 hours.
Hydrochlorothiazide,43372,Take one tablet before bedtime.
Tamsulosin,38836,Take one tablet with water.
Atorvastatin,37247,Take one tablet twice daily.
Paracetamol,19565,Take one tablet every 6 hours.
Ibuprofen,17883,Take one tablet every morning.
Gabapentin,29505,Take one tablet every 4-6 hours.
Ibuprofen,49796,Take one tablet daily.
Omeprazole,9750,Take one tablet before bedtime.
Lisinopril,47933,Take one tablet before meals.
Furosemide,28861,Take one tablet with water.
Metoprolol,31524,Take one tablet every 4-6 hours.
Simvastatin,12699,Take one tablet before meals.
Levothyroxine,41436,Take one tablet with water.
Montelukast,27585,Take one tablet every morning.
Furosemide,10282,Take one tablet with water.
Levothyroxine,28053,Take one tablet before meals.
Amlodipine,26808,Take one tablet daily.
Furosemide,16320,Take one tablet every 4-6 hours.
Metoprolol,26711,Take one tablet every 6 hours.
Lisinopril,13763,Take one tablet twice daily.
Metformin,14998,Take one tablet every 6 hours.
Amoxicillin,13439,Take one tablet three times a day.
Atorvastatin,21759,Take one tablet before bedtime.
Atorvastatin,26847,Take one tablet every 8 hours for 7 days.
Amlodipine,24153,Take one tablet every 6 hours.
Atorvastatin,34594,Take one tablet three times a day.
Cetirizine,34060,Take one tablet twice daily.
Amlodipine,24078,Take one tablet every 4-6 hours.
Hydrochlorothiazide,19021,Take one tablet before bedtime.
Montelukast,15161,Take one tablet before meals.
Ibuprofen,33508,Take one tablet before meals.
Metoprolol,42130,Take one tablet every 8 hours for 7 days.
Simvastatin,8379,Take one tablet with water.
Amoxicillin,9352,Take one tablet twice daily.
Paracetamol,44725,Take one tablet every morning.
Azithromycin,14754,Take one tablet before bedtime.
Levothyroxine,48184,Take one tablet every 4-6 hours.
Hydrochlorothiazide,31738,Take one tablet every 8 hours for 7 days.
Furosemide,13029,Take one tablet every morning.
Simvastatin,38470,Take one tablet every morning.
Simvastatin,18794,Take one tablet daily.
Montelukast,28001,Take one tablet twice daily.
Azithromycin,7193,Take one tablet before bedtime.
Amoxicillin,34001,Take one tablet every 6 hours.
Lisinopril,44954,Take one tablet every 8 hours for 7 days.
Amlodipine,12267,Take one tablet twice daily.
Levothyroxine,9024,Take one tablet twice daily.
Amoxicillin,29988,Take one tablet every morning.
Metoprolol,27755,Take one tablet before meals.
Azithromycin,33841,Take one tablet before meals.
Lisinopril,32663,Take one tablet every morning.
Montelukast,14333,Take one tablet three times a day.
Metoprolol,45356,Take one tablet three times a day.
Metformin,40960,Take one tablet every morning.
Metformin,33414,Take one tablet every morning.
Cetirizine,25183,Take one tablet before meals.
Simvastatin,13505,Take one tablet twice daily.
Metoprolol,23991,Take one tablet before meals.
Sertraline,13439,Take one tablet before meals.
Tamsulosin,9153,Take one tablet every 6 hours.
Cetirizine,35060,Take one tablet three times a day.
Lisinopril,24455,Take one tablet twice daily.
Lisinopril,19199,Take one tablet every morning.
Azithromycin,32327,Take one tablet every 8 hours for 7 days.
Atorvastatin,28384,Take one tablet before meals.
Omeprazole,31332,Take one tablet before bedtime.
Gabapentin,24125,Take one tablet three times a day.
Montelukast,38792,Take one tablet every 8 hours for 7 days.
Sertraline,5487,Take one tablet with water.
Montelukast,15920,Take one tablet with water.
Sertraline,39250,Take one tablet with water.
Omeprazole,33254,Take one tablet every 8 hours for 7 days.
Ibuprofen,25033,Take one tablet every morning.
Ibuprofen,36979,Take one tablet every morning.
Losartan,7044,Take one tablet before meals.
Losartan,36705,Take one tablet every 6 hours.
Paracetamol,49197,Take one tablet every 6 hours.
Lisinopril,33143,Take one tablet twice daily.
Metoprolol,30549,Take one tablet every 8 hours for 7 days.
Tamsulosin,20050,Take one tablet before meals.
Paracetamol,35055,Take one tablet every 6 hours.
Metoprolol,14102,Take one tablet every 8 hours for 7 days.
Azithromycin,10743,Take one tablet every 6 hours.
Gabapentin,20627,Take one tablet every 6 hours.
Omeprazole,33282,Take one tablet every morning.
Tamsulosin,34462,Take one tablet before bedtime.
Hydrochlorothiazide,28191,Take one tablet with water.
Ibuprofen,5956,Take one tablet with water.
Simvastatin,24104,Take one tablet every 4-6 hours.
Cetirizine,40530,Take one tablet twice daily.
Paracetamol,21808,Take one tablet every morning.
Azithromycin,44086,Take one tablet twice daily.
Levothyroxine,40223,Take one tablet before bedtime.
Ibuprofen,10192,Take one tablet every 4-6 hours.
Metoprolol,11147,Take one tablet every 4-6 hours.
Hydrochlorothiazide,18341,Take one tablet before meals.
Metformin,48751,Take one tablet every morning.
Losartan,26552,Take one tablet every morning.
Amlodipine,24806,Take one tablet before meals.
Tamsulosin,16250,Take one tablet with water.
Atorvastatin,15756,Take one tablet every morning.
Azithromycin,16198,Take one tablet daily.
Metformin,35180,Take one tablet every morning.
Amlodipine,19200,Take one tablet before meals.
Ibuprofen,25426,Take one tablet with water.
Simvastatin,32691,Take one tablet with water.
Ibuprofen,40955,Take one tablet every 8 hours for 7 days.
Levothyroxine,48545,Take one tablet daily.
Omeprazole,31154,Take one tablet before bedtime.
Amlodipine,40072,Take one tablet with water.
Hydrochlorothiazide,17761,Take one tablet three times a day.
Ibuprofen,10829,Take one tablet three times a day.
Ibuprofen,18787,Take one tablet before meals.
Amlodipine,15171,Take one tablet daily.
Atorvastatin,11319,Take one tablet before meals.
Gabapentin,9502,Take one tablet every 8 hours for 7 days.
Paracetamol,24076,Take one tablet with water.
Atorvastatin,42711,Take one tablet before meals.
Ibuprofen,31634,Take one tablet twice daily.
Amoxicillin,22034,Take one tablet before meals.
Atorvastatin,15250,Take one tablet three times a day.
Atorvastatin,31617,Take one tablet daily.
Amlodipine,21747,Take one tablet twice daily.
Sertraline,43705,Take one tablet daily.
Metformin,45156,Take one tablet every morning.
Lisinopril,5938,Take one tablet every 6 hours.
Ibuprofen,27549,Take one tablet every 8 hours for 7 days.
Cetirizine,7280,Take one tablet with water.
Lisinopril,13353,Take one tablet with water.
Paracetamol,16774,Take one tablet before bedtime.
Montelukast,21332,Take one tablet every 6 hours.
Sertraline,38183,Take one tablet before meals.
Gabapentin,45207,Take one tablet with water.
Furosemide,44650,Take one tablet every 4-6 hours.
Omeprazole,22328,Take one tablet daily.
Azithromycin,39864,Take one tablet every 8 hours for 7 days.
Furosemide,17254,Take one tablet every 6 hours.
Gabapentin,7245,Take one tablet twice daily.
Montelukast,29610,Take one tablet before bedtime.
Sertraline,28909,Take one tablet twice daily.
Simvastatin,30065,Take one tablet every morning.
Paracetamol,45338,Take one tablet with water.
Ibuprofen,10183,Take one tablet every 4-6 hours.
Simvastatin,12981,Take one tablet with water.
Atorvastatin,29980,Take one tablet daily.
Atorvastatin,29513,Take one tablet every 4-6 hours.
Sertraline,24352,Take one tablet every morning.
Montelukast,26639,Take one tablet every 6 hours.
Amoxicillin,31662,Take one tablet every 6 hours.
Sertraline,35277,Take one tablet every 6 hours.
Tamsulosin,36624,Take one tablet twice daily.
Azithromycin,32010,Take one tablet every morning.
Amoxicillin,45219,Take one tablet twice daily.
Hydrochlorothiazide,10732,Take one tablet twice daily.
Azithromycin,18626,Take one tablet every morning.
Gabapentin,8148,Take one tablet before meals.
Metformin,47754,Take one tablet with water.
Metformin,5763,Take one tablet every 6 hours.
Levothyroxine,25257,Take one tablet before bedtime.
Atorvastatin,43344,Take one tablet every 4-6 hours.
Simvastatin,11686,Take one tablet three times a day.
Amoxicillin,31102,Take one tablet before bedtime.
Paracetamol,24314,Take one tablet twice daily.
Metoprolol,6752,Take one tablet every morning.
Simvastatin,14167,Take one tablet twice daily.
Tamsulosin,6705,Take one tablet three times a day.
Ibuprofen,10115,Take one tablet daily.
Tamsulosin,25274,Take one tablet three times a day.
Azithromycin,42451,Take one tablet before meals.
Montelukast,5426,Take one tablet every 8 hours for 7 days.
Amlodipine,39753,Take one tablet before bedtime.
Sertraline,27564,Take one tablet twice daily.
Metoprolol,15285,Take one tablet with water.
Sertraline,37795,Take one tablet every 6 hours.
Losartan,45867,Take one tablet before meals.
Metformin,46879,Take one tablet with water.
Simvastatin,18470,Take one tablet every 6 hours.
Levothyroxine,49267,Take one tablet with water.
Gabapentin,24681,Take one tablet before bedtime.
Lisinopril,48071,Take one tablet twice daily.
Amlodipine,39184,Take one tablet twice daily.
Levothyroxine,35182,Take one tablet before meals.
Lisinopril,31366,Take one tablet three times a day.
Tamsulosin,15100,Take one tablet daily.
Levothyroxine,7487,Take one tablet daily.
Omeprazole,41448,Take one tablet every 8 hours for 7 days.
Sertraline,19009,Take one tablet every 6 hours.
Metformin,11765,Take one tablet every 6 hours.
Omeprazole,32758,Take one tablet daily.
Losartan,42946,Take one tablet three times a day.
Tamsulosin,44300,Take one tablet every 4-6 hours.
Hydrochlorothiazide,7773,Take one tablet every 6 hours.
Amlodipine,19591,Take one tablet every morning.
Montelukast,7123,Take one tablet every 8 hours for 7 days.
Amlodipine,41749,Take one tablet every 8 hours for 7 days.
Amlodipine,26086,Take one tablet every 8 hours for 7 days.
Amlodipine,23222,Take one tablet three times a day.
Gabapentin,23779,Take one tablet with water.
Simvastatin,33745,Take one tablet every 6 hours.
Amlodipine,47681,Take one tablet twice daily.
Sertraline,9628,Take one tablet daily.
Cetirizine,38347,Take one tablet with water.
Levothyroxine,6554,Take one tablet daily.
Lisinopril,37529,Take one tablet every morning.
Lisinopril,16129,Take one tablet every 8 hours for 7 days.
Metformin,14006,Take one tablet every 8 hours for 7 days.
Lisinopril,30843,Take one tablet every morning.
Hydrochlorothiazide,16529,Take one tablet before bedtime.
Omeprazole,5406,Take one tablet before meals.
Metformin,30006,Take one tablet before bedtime.
Simvastatin,46580,Take one tablet twice daily.
Atorvastatin,22171,Take one tablet with water.
Losartan,30028,Take one tablet three times a day.
Gabapentin,19890,Take one tablet every morning.
Lisinopril,19460,Take one tablet every 4-6 hours.
Amlodipine,7081,Take one tablet daily.
Amoxicillin,49680,Take one tablet every 6 hours.
Metoprolol,12633,Take one tablet with water.
Amlodipine,34291,Take one tablet every 8 hours for 7 days.
Losartan,15771,Take one tablet every 8 hours for 7 days.
Montelukast,21394,Take one tablet every 8 hours for 7 days.
Furosemide,13601,Take one tablet daily.
Amlodipine,36653,Take one tablet every 8 hours for 7 days.
Sertraline,31387,Take one tablet every 6 hours.
Montelukast,28281,Take one tablet three times a day.
Atorvastatin,8014,Take one tablet daily.
Ibuprofen,27065,Take one tablet three times a day.
Atorvastatin,40764,Take one tablet three times a day.
Gabapentin,44225,Take one tablet daily.
Hydrochlorothiazide,18813,Take one tablet before bedtime.
Ibuprofen,7144,Take one tablet three times a day.
Amoxicillin,29716,Take one tablet every 6 hours.
Gabapentin,36461,Take one tablet twice daily.
Lisinopril,48603,Take one tablet every 4-6 hours.
Gabapentin,48427,Take one tablet before meals.
Azithromycin,27920,Take one tablet every 6 hours.
Simvastatin,15267,Take one tablet daily.
Montelukast,27983,Take one tablet every 6 hours.
Amlodipine,40115,Take one tablet every 4-6 hours.
Omeprazole,34836,Take one tablet with water.
Paracetamol,25884,Take one tablet with water.
Montelukast,44972,Take one tablet daily.
Tamsulosin,6670,Take one tablet daily.
Azithromycin,46911,Take one tablet with water.
Lisinopril,23201,Take one tablet every 4-6 hours.
Montelukast,28293,Take one tablet every 8 hours for 7 days.
Lisinopril,33049,Take one tablet every 8 hours for 7 days.
Simvastatin,27029,Take one tablet every 4-6 hours.
Paracetamol,45490,Take one tablet before bedtime.
Levothyroxine,29751,Take one tablet every 8 hours for 7 days.
Levothyroxine,26167,Take one tablet every 4-6 hours.
Sertraline,47735,Take one tablet daily.
Hydrochlorothiazide,18010,Take one tablet every 8 hours for 7 days.
Simvastatin,40744,Take one tablet before meals.
Lisinopril,25405,Take one tablet before bedtime.
Atorvastatin,18176,Take one tablet every 6 hours.
Furosemide,8401,Take one tablet twice daily.
Azithromycin,22869,Take one tablet every morning.
Azithromycin,10575,Take one tablet three times a day.
Metoprolol,30646,Take one tablet every 4-6 hours.
Amlodipine,6625,Take one tablet with water.
Metoprolol,26354,Take one tablet daily.
Azithromycin,17698,Take one tablet every 8 hours for 7 days.
Furosemide,33597,Take one tablet every morning.
Montelukast,19133,Take one tablet every morning.
Ibuprofen,16229,Take one tablet every 6 hours.
Metoprolol,22452,Take one tablet every 6 hours.
Metformin,33584,Take one tablet every 8 hours for 7 days.
Amoxicillin,17564,Take one tablet before meals.
Levothyroxine,48620,Take one tablet every 4-6 hours.
Azithromycin,41655,Take one tablet before bedtime.
Metformin,31809,Take one tablet every morning.
Losartan,47952,Take one tablet every morning.
Metformin,29064,Take one tablet daily.
Azithromycin,14617,Take one tablet every 6 hours.
Amoxicillin,42186,Take one tablet every 4-6 hours.
Metformin,5138,Take one tablet twice daily.
Paracetamol,23858,Take one tablet every morning.
Lisinopril,33567,Take one tablet every 8 hours for 7 days.
Paracetamol,44321,Take one tablet before bedtime.
Sertraline,6539,Take one tablet every 8 hours for 7 days.
Amoxicillin,18407,Take one tablet every morning.
Omeprazole,40859,Take one tablet twice daily.
Tamsulosin,19435,Take one tablet with water.
Cetirizine,27234,Take one tablet every morning.
Levothyroxine,8081,Take one tablet before meals.
Montelukast,24245,Take one tablet every morning.
Metformin,33045,Take one tablet before meals.
Lisinopril,30545,Take one tablet every morning.
Cetirizine,43306,Take one tablet before meals.
Tamsulosin,45974,Take one tablet before bedtime.
Tamsulosin,44333,Take one tablet with water.
Tamsulosin,42489,Take one tablet every 6 hours.
Furosemide,33012,Take one tablet before bedtime.
Cetirizine,35085,Take one tablet three times a day.
Ibuprofen,25767,Take one tablet every 4-6 hours.
Levothyroxine,49266,Take one tablet with water.
Tamsulosin,27411,Take one tablet every 6 hours.
Levothyroxine,16904,Take one tablet before meals.
Ibuprofen,36504,Take one tablet three times a day.
Furosemide,47419,Take one tablet daily.
Amlodipine,49003,Take one tablet every 4-6 hours.
Amlodipine,47084,Take one tablet before bedtime.
Lisinopril,15264,Take one tablet every 8 hours for 7 days.
Cetirizine,29657,Take one tablet daily.
Azithromycin,43757,Take one tablet every 8 hours for 7 days.
Hydrochlorothiazide,43378,Take one tablet daily.
Atorvastatin,6794,Take one tablet three times a day.
Azithromycin,8225,Take one tablet every 8 hours for 7 days.
Atorvastatin,28338,Take one tablet with water.
Cetirizine,11713,Take one tablet daily.
Gabapentin,37172,Take one tablet every morning.
Lisinopril,44532,Take one tablet every 8 hours for 7 days.
Gabapentin,10782,Take one tablet three times a day.
Tamsulosin,41661,Take one tablet every 4-6 hours.
Ibuprofen,39757,Take one tablet daily.
Metoprolol,38668,Take one tablet three times a day.
Lisinopril,26438,Take one tablet before meals.
Tamsulosin,10996,Take one tablet before bedtime.
Furosemide,37330,Take one tablet daily.
Metoprolol,48416,Take one tablet every 8 hours for 7 days.
Simvastatin,20863,Take one tablet three times a day.
Ibuprofen,22312,Take one tablet every 6 hours.
Azithromycin,40943,Take one tablet every 6 hours.
Azithromycin,23673,Take one tablet before meals.
Azithromycin,11536,Take one tablet every 8 hours for 7 days.
Hydrochlorothiazide,42910,Take one tablet daily.
Losartan,47597,Take one tablet twice daily.
Atorvastatin,10506,Take one tablet before meals.
Metformin,25626,Take one tablet every morning.
Sertraline,18021,Take one tablet every 6 hours.
Ibuprofen,13010,Take one tablet every 8 hours for 7 days.
Azithromycin,43616,Take one tablet every morning.
Losartan,23265,Take one tablet before meals.
Metformin,37805,Take one tablet before meals.
Losartan,27630,Take one tablet every 8 hours for 7 days.
Amlodipine,49829,Take one tablet every morning.
Gabapentin,17438,Take one tablet before meals.
Montelukast,35435,Take one tablet every morning.
Furosemide,22709,Take one tablet before bedtime.
Amoxicillin,27478,Take one tablet before bedtime.
Metformin,40551,Take one tablet every 8 hours for 7 days.
Furosemide,21827,Take one tablet twice daily.
Montelukast,45483,Take one tablet daily.
Simvastatin,9561,Take one tablet twice daily.
Tamsulosin,5017,Take one tablet every 8 hours for 7 days.
Paracetamol,37535,Take one tablet every 6 hours.
Levothyroxine,34052,Take one tablet every 8 hours for 7 days.
Levothyroxine,28956,Take one tablet every 4-6 hours.
Gabapentin,31399,Take one tablet with water.
Lisinopril,44173,Take one tablet daily.
Paracetamol,46384,Take one tablet every 8 hours for 7 days.
Ibuprofen,28591,Take one tablet three times a day.
Metformin,19367,Take one tablet every 4-6 hours.
Amoxicillin,17361,Take one tablet every 6 hours.
Metoprolol,36177,Take one tablet before bedtime.
Amoxicillin,14970,Take one tablet twice daily.
Metformin,18648,Take one tablet every morning.
Amoxicillin,34126,Take one tablet twice daily.
Hydrochlorothiazide,23637,Take one tablet every 8 hours for 7 days.
Tamsulosin,20152,Take one tablet every 8 hours for 7 days.
Amlodipine,26628,Take one tablet twice daily.
Amoxicillin,41012,Take one tablet daily.
Tamsulosin,47433,Take one tablet with water.
Furosemide,43923,Take one tablet twice daily.
Tamsulosin,42389,Take one tablet every 8 hours for 7 days.
Azithromycin,11665,Take one tablet before bedtime.
Lisinopril,13384,Take one tablet every 4-6 hours.
Azithromycin,29675,Take one tablet before meals.
Amlodipine,22192,Take one tablet twice daily.
Sertraline,13990,Take one tablet every morning.
Lisinopril,34278,Take one tablet every 8 hours for 7 days.
Metoprolol,27538,Take one tablet every 6 hours.
Gabapentin,45974,Take one tablet every 8 hours for 7 days.
Paracetamol,33792,Take one tablet three times a day.
Montelukast,30721,Take one tablet every 6 hours.
Paracetamol,24886,Take one tablet every 8 hours for 7 days.
Montelukast,23945,Take one tablet before meals.
Levothyroxine,33987,Take one tablet every morning.
Gabapentin,47564,Take one tablet before meals.
Montelukast,22263,Take one tablet before meals.
Montelukast,32804,Take one tablet with water.
Montelukast,9929,Take one tablet every 6 hours.
Losartan,13335,Take one tablet with water.
Azithromycin,45532,Take one tablet every 6 hours.
Amlodipine,28620,Take one tablet every 4-6 hours.
Gabapentin,26307,Take one tablet every 8 hours for 7 days.
Omeprazole,19368,Take one tablet every morning.
Tamsulosin,38103,Take one tablet every morning.
Furosemide,43705,Take one tablet every 4-6 hours.
Tamsulosin,42287,Take one tablet twice daily.
Hydrochlorothiazide,41649,Take one tablet every 4-6 hours.
Ibuprofen,31855,Take one tablet every 8 hours for 7 days.
Hydrochlorothiazide,42158,Take one tablet before bedtime.
Metoprolol,12670,Take one tablet every 8 hours for 7 days.
Amoxicillin,46974,Take one tablet every 6 hours.
Tamsulosin,43792,Take one tablet every 8 hours for 7 days.
Tamsulosin,47918,Take one tablet every morning.
Ibuprofen,7559,Take one tablet every 6 hours.
Cetirizine,23708,Take one tablet every 4-6 hours.
Omeprazole,23329,Take one tablet every 4-6 hours.
Amlodipine,44815,Take one tablet before meals.
Metformin,18649,Take one tablet twice daily.
Montelukast,19358,Take one tablet every 8 hours for 7 days.
Gabapentin,47711,Take one tablet every morning.
Cetirizine,5773,Take one tablet daily.
Furosemide,33253,Take one tablet twice daily.
Sertraline,45578,Take one tablet three times a day.
Amlodipine,44854,Take one tablet every 4-6 hours.
Gabapentin,37758,Take one tablet twice daily.
Metformin,20308,Take one tablet every 6 hours.
Atorvastatin,24816,Take one tablet before meals.
Lisinopril,36231,Take one tablet daily.
Paracetamol,33624,Take one tablet every 6 hours.
Hydrochlorothiazide,38697,Take one tablet before meals.
Losartan,14416,Take one tablet with water.
Metoprolol,45084,Take one tablet before meals.
Gabapentin,47056,Take one tablet twice daily.
Atorvastatin,17851,Take one tablet every 8 hours for 7 days.
Ibuprofen,37002,Take one tablet every morning.
Tamsulosin,40320,Take one tablet every 6 hours.
Amlodipine,41524,Take one tablet every 6 hours.
Levothyroxine,10172,Take one tablet before bedtime.
Losartan,15095,Take one tablet before bedtime.
Omeprazole,26455,Take one tablet before meals.
Tamsulosin,25147,Take one tablet three times a day.
Atorvastatin,41003,Take one tablet with water.
Furosemide,22425,Take one tablet every 6 hours.
Metoprolol,24058,Take one tablet every morning.
Hydrochlorothiazide,36519,Take one tablet twice daily.
Amlodipine,23450,Take one tablet twice daily.
Azithromycin,8245,Take one tablet before bedtime.
Metformin,33038,Take one tablet daily.
Amlodipine,9201,Take one tablet three times a day.
Cetirizine,47510,Take one tablet before bedtime.
Losartan,8701,Take one tablet daily.
Levothyroxine,32485,Take one tablet every 6 hours.
Lisinopril,13123,Take one tablet twice daily.
Omeprazole,33641,Take one tablet every 4-6 hours.
Omeprazole,9115,Take one tablet before meals.
Cetirizine,45762,Take one tablet every 8 hours for 7 days.
Amoxicillin,34174,Take one tablet with water.
Atorvastatin,44200,Take one tablet every 6 hours.
Levothyroxine,19673,Take one tablet three times a day.
Azithromycin,15706,Take one tablet every 8 hours for 7 days.
Cetirizine,20079,Take one tablet every 4-6 hours.
Montelukast,16758,Take one tablet daily.
Metoprolol,46373,Take one tablet every 6 hours.
Losartan,6684,Take one tablet every 8 hours for 7 days.
Omeprazole,13404,Take one tablet every morning.
Furosemide,9197,Take one tablet twice daily.
Atorvastatin,12418,Take one tablet three times a day.
Paracetamol,19147,Take one tablet before meals.
Ibuprofen,18937,Take one tablet twice daily.
Ibuprofen,11892,Take one tablet twice daily.
Atorvastatin,22649,Take one tablet with water.
Metformin,26603,Take one tablet every 6 hours.
Levothyroxine,9632,Take one tablet every 6 hours.
Atorvastatin,16762,Take one tablet every 4-6 hours.
Metoprolol,27595,Take one tablet before bedtime.
Levothyroxine,27786,Take one tablet twice daily.
Amlodipine,40581,Take one tablet twice daily.
Lisinopril,41645,Take one tablet before bedtime.
Omeprazole,43567,Take one tablet before meals.
Azithromycin,37882,Take one tablet three times a day.
Metformin,20530,Take one tablet every 4-6 hours.
Montelukast,36611,Take one tablet every 8 hours for 7 days.
Metformin,36916,Take one tablet before bedtime.
Gabapentin,30592,Take one tablet every 8 hours for 7 days.
Atorvastatin,19418,Take one tablet before meals.
Furosemide,47927,Take one tablet with water.
Sertraline,11303,Take one tablet three times a day.
Gabapentin,19506,Take one tablet every 6 hours.
Losartan,39534,Take one tablet daily.
Cetirizine,15390,Take one tablet with water.
Amlodipine,34800,Take one tablet twice daily.
Tamsulosin,29019,Take one tablet three times a day.
Tamsulosin,14988,Take one tablet every 4-6 hours.
Losartan,24065,Take one tablet twice daily.
Ibuprofen,11154,Take one tablet before meals.
Sertraline,32825,Take one tablet twice daily.
Paracetamol,33985,Take one tablet daily.
Lisinopril,14850,Take one tablet every 8 hours for 7 days.
Ibuprofen,15711,Take one tablet three times a day.
Simvastatin,38422,Take one tablet every 4-6 hours.
Furosemide,38362,Take one tablet every morning.
Lisinopril,11759,Take one tablet every 4-6 hours.
Paracetamol,13676,Take one tablet with water.
Paracetamol,32742,Take one tablet every 4-6 hours.
Azithromycin,46654,Take one tablet with water.
Ibuprofen,30608,Take one tablet daily.
Metoprolol,28161,Take one tablet before bedtime.
Losartan,9611,Take one tablet every 4-6 hours.
Levothyroxine,10189,Take one tablet with water.
Ibuprofen,20047,Take one tablet three times a day.
Amoxicillin,20478,Take one tablet twice daily.
Amlodipine,27473,Take one tablet every 6 hours.
Levothyroxine,29909,Take one tablet daily.
Tamsulosin,15847,Take one tablet before bedtime.
Losartan,33846,Take one tablet twice daily.
Metoprolol,22674,Take one tablet with water.
Simvastatin,6190,Take one tablet every 8 hours for 7 days.
Amlodipine,16083,Take one tablet every 4-6 hours.
Sertraline,43717,Take one tablet daily.
Hydrochlorothiazide,18267,Take one tablet every 6 hours.
Metoprolol,13178,Take one tablet every 6 hours.
Montelukast,14123,Take one tablet three times a day.
Tamsulosin,48261,Take one tablet three times a day.
Azithromycin,5713,Take one tablet before meals.
Lisinopril,13338,Take one tablet every 8 hours for 7 days.
Simvastatin,12219,Take one tablet every morning.
Paracetamol,9384,Take one tablet before meals.
Metoprolol,44495,Take one tablet with water.
Metoprolol,36591,Take one tablet every 4-6 hours.
Sertraline,14014,Take one tablet every 8 hours for 7 days.
Furosemide,45305,Take one tablet before meals.
Amoxicillin,34845,Take one tablet before meals.
Tamsulosin,20916,Take one tablet every morning.
Hydrochlorothiazide,40743,Take one tablet before meals.
Simvastatin,33952,Take one tablet before bedtime.
Omeprazole,30334,Take one tablet three times a day.
Metformin,37319,Take one tablet every 8 hours for 7 days.
Amoxicillin,41274,Take one tablet before bedtime.
Levothyroxine,43158,Take one tablet with water.
Cetirizine,21836,Take one tablet twice daily.
Simvastatin,38767,Take one tablet every 8 hours for 7 days.
Sertraline,44228,Take one tablet with water.
Losartan,36852,Take one tablet three times a day.
Furosemide,22301,Take one tablet before meals.
Levothyroxine,6989,Take one tablet every morning.
Simvastatin,38762,Take one tablet every 4-6 hours.
Ibuprofen,30667,Take one tablet three times a day.
Lisinopril,17828,Take one tablet with water.
Tamsulosin,44201,Take one tablet daily.
Sertraline,22700,Take one tablet twice daily.
Metformin,33170,Take one tablet three times a day.
Azithromycin,44210,Take one tablet with water.
Simvastatin,48066,Take one tablet twice daily.
Furosemide,7047,Take one tablet daily.
Tamsulosin,7200,Take one tablet twice daily.
Metoprolol,20601,Take one tablet every 6 hours.
Hydrochlorothiazide,42269,Take one tablet twice daily.
Simvastatin,39921,Take one tablet before meals.
Gabapentin,7319,Take one tablet before bedtime.
Levothyroxine,32885,Take one tablet every 6 hours.
Sertraline,47778,Take one tablet with water.
Paracetamol,34930,Take one tablet before bedtime.
Sertraline,25949,Take one tablet every 6 hours.
Gabapentin,48738,Take one tablet every morning.
Amoxicillin,32477,Take one tablet with water.
Ibuprofen,10579,Take one tablet daily.
Metformin,9497,Take one tablet twice daily.
Lisinopril,13987,Take one tablet twice daily.
Tamsulosin,35391,Take one tablet every 8 hours for 7 days.
Tamsulosin,12989,Take one tablet twice daily.
Omeprazole,22527,Take one tablet every 6 hours.
Tamsulosin,15965,Take one tablet every 8 hours for 7 days.
Sertraline,14739,Take one tablet every morning.
Metformin,15537,Take one tablet before bedtime.
Metoprolol,43114,Take one tablet with water.
Metformin,47773,Take one tablet twice daily.
Amoxicillin,22300,Take one tablet every 8 hours for 7 days.
Lisinopril,34353,Take one tablet every 8 hours for 7 days.
Metoprolol,31141,Take one tablet before meals.
Levothyroxine,5386,Take one tablet every morning.
Lisinopril,11752,Take one tablet before bedtime.
Azithromycin,14625,Take one tablet with water.
Hydrochlorothiazide,45978,Take one tablet before bedtime.
Paracetamol,23406,Take one tablet before bedtime.
Losartan,28173,Take one tablet before meals.
Atorvastatin,26305,Take one tablet before bedtime.
Losartan,26436,Take one tablet every 4-6 hours.
Levothyroxine,20888,Take one tablet every 4-6 hours.
Omeprazole,12013,Take one tablet every 6 hours.
Sertraline,45347,Take one tablet before meals.
Amlodipine,31709,Take one tablet every 8 hours for 7 days.
Simvastatin,24998,Take one tablet three times a day.
Ibuprofen,45756,Take one tablet before meals.
Paracetamol,12270,Take one tablet every 6 hours.
Metoprolol,45288,Take one tablet three times a day.
Tamsulosin,35049,Take one tablet twice daily.
Sertraline,7772,Take one tablet every 6 hours.
Metformin,40832,Take one tablet every morning.
Metoprolol,12222,Take one tablet before bedtime.
Sertraline,48279,Take one tablet every 4-6 hours.
Hydrochlorothiazide,16567,Take one tablet daily.
Metoprolol,12193,Take one tablet every morning.
Montelukast,37175,Take one tablet twice daily.
Metoprolol,40968,Take one tablet with water.
Sertraline,45061,Take one tablet before bedtime.
Tamsulosin,28853,Take one tablet every 6 hours.
Metformin,9400,Take one tablet with water.
Ibuprofen,17619,Take one tablet before meals.
Montelukast,34858,Take one tablet daily.
Paracetamol,12145,Take one tablet every 6 hours.
Azithromycin,15905,Take one tablet three times a day.
Paracetamol,25236,Take one tablet every morning.
Hydrochlorothiazide,40425,Take one tablet every 4-6 hours.
Lisinopril,11062,Take one tablet every morning.
Montelukast,36530,Take one tablet twice daily.
Simvastatin,33164,Take one tablet twice daily.
Montelukast,26388,Take one tablet before bedtime.
Amoxicillin,26809,Take one tablet every 4-6 hours.
Cetirizine,27142,Take one tablet three times a day.
Furosemide,41565,Take one tablet three times a day.
Paracetamol,34767,Take one tablet with water.
Furosemide,19358,Take one tablet with water.
Losartan,35736,Take one tablet three times a day.
Sertraline,25560,Take one tablet before meals.
Lisinopril,31277,Take one tablet before bedtime.
Furosemide,32117,Take one tablet before meals.
Paracetamol,18752,Take one tablet every 4-6 hours.
Simvastatin,23152,Take one tablet every 8 hours for 7 days.
Azithromycin,8237,Take one tablet daily.
Lisinopril,23573,Take one tablet before meals.
Lisinopril,10403,Take one tablet every morning.
Ibuprofen,31534,Take one tablet every morning.
Metoprolol,38336,Take one tablet every 8 hours for 7 days.
Amoxicillin,49751,Take one tablet every 6 hours.
Lisinopril,35839,Take one tablet twice daily.
Sertraline,7171,Take one tablet every 4-6 hours.
Lisinopril,46531,Take one tablet every morning.
Amlodipine,49756,Take one tablet every 4-6 hours.
Azithromycin,38782,Take one tablet daily.
Sertraline,22839,Take one tablet before bedtime.
Metformin,30206,Take one tablet three times a day.
Simvastatin,6847,Take one tablet every 6 hours.
Gabapentin,23943,Take one tablet daily.
Gabapentin,9512,Take one tablet twice daily.
Amlodipine,13572,Take one tablet every morning.
Metformin,49054,Take one tablet daily.
Amoxicillin,17810,Take one tablet before meals.
Montelukast,49749,Take one tablet with water.
Hydrochlorothiazide,45882,Take one tablet before bedtime.
Ibuprofen,41959,Take one tablet with water.
Cetirizine,8855,Take one tablet every 4-6 hours.
Azithromycin,9062,Take one tablet every morning.
Furosemide,15069,Take one tablet before bedtime.
Furosemide,7181,Take one tablet every 4-6 hours.
Amlodipine,40768,Take one tablet three times a day.
Losartan,10593,Take one tablet daily.
Levothyroxine,6633,Take one tablet every morning.
Omeprazole,8340,Take one tablet twice daily.
Amlodipine,30888,Take one tablet every morning.
Tamsulosin,15690,Take one tablet three times a day.
Atorvastatin,46546,Take one tablet three times a day.
Montelukast,27887,Take one tablet every morning.
Atorvastatin,37269,Take one tablet three times a day.
Furosemide,44918,Take one tablet twice daily.
Ibuprofen,27395,Take one tablet three times a day.
Sertraline,27400,Take one tablet before bedtime.
Metformin,9561,Take one tablet three times a day.
Paracetamol,37323,Take one tablet before bedtime.
Tamsulosin,10748,Take one tablet daily.
Sertraline,26129,Take one tablet before bedtime.
Levothyroxine,19937,Take one tablet daily.
Cetirizine,13233,Take one tablet twice daily.
Omeprazole,15344,Take one tablet every morning.
Lisinopril,29755,Take one tablet daily.
Omeprazole,25640,Take one tablet twice daily.
Paracetamol,11404,Take one tablet daily.
Sertraline,22823,Take one tablet three times a day.
Azithromycin,24156,Take one tablet with water.
Simvastatin,27549,Take one tablet with water.
Montelukast,16844,Take one tablet with water.
Metformin,42565,Take one tablet daily.
Losartan,35784,Take one tablet before bedtime.
Metformin,15480,Take one tablet every 8 hours for 7 days.
Sertraline,39043,Take one tablet twice daily.
Cetirizine,31257,Take one tablet with water.
Tamsulosin,24975,Take one tablet every 6 hours.
Amoxicillin,9144,Take one tablet daily.
Metformin,47793,Take one tablet twice daily.
Tamsulosin,25549,Take one tablet before bedtime.
Azithromycin,15985,Take one tablet daily.
Hydrochlorothiazide,33257,Take one tablet before meals.
Losartan,40672,Take one tablet every 4-6 hours.
Furosemide,7663,Take one tablet with water.
Furosemide,15217,Take one tablet every 8 hours for 7 days.
Ibuprofen,33622,Take one tablet twice daily.
Levothyroxine,21159,Take one tablet every 6 hours.
Losartan,13042,Take one tablet every 4-6 hours.
Sertraline,25749,Take one tablet three times a day.
Gabapentin,7584,Take one tablet with water.
Atorvastatin,6564,Take one tablet twice daily.
Atorvastatin,15478,Take one tablet three times a day.
Cetirizine,31875,Take one tablet before meals.
Simvastatin,43395,Take one tablet every 6 hours.
Gabapentin,46261,Take one tablet every 4-6 hours.
Cetirizine,44334,Take one tablet before meals.
Omeprazole,38926,Take one tablet every 6 hours.
Tamsulosin,13026,Take one tablet every 4-6 hours.
Hydrochlorothiazide,18952,Take one tablet with water.
Furosemide,24679,Take one tablet with water.
Lisinopril,46694,Take one tablet every 6 hours.
Furosemide,48372,Take one tablet daily.
Lisinopril,5235,Take one tablet every morning.
Paracetamol,5268,Take one tablet with water.
Azithromycin,32329,Take one tablet every 8 hours for 7 days.
Amlodipine,23963,Take one tablet every 4-6 hours.
Metformin,47200,Take one tablet every morning.
Hydrochlorothiazide,23186,Take one tablet every 4-6 hours.
Simvastatin,22892,Take one tablet twice daily.
Azithromycin,27624,Take one tablet every morning.
Simvastatin,38369,Take one tablet every 8 hours for 7 days.
Cetirizine,20830,Take one tablet three times a day.
Cetirizine,15570,Take one tablet with water.
Sertraline,16277,Take one tablet before bedtime.
Azithromycin,12162,Take one tablet before bedtime.
Hydrochlorothiazide,9099,Take one tablet twice daily.
Furosemide,37644,Take one tablet before meals.
Omeprazole,9916,Take one tablet before bedtime.
Amoxicillin,9678,Take one tablet before meals.
Hydrochlorothiazide,43828,Take one tablet with water.
Cetirizine,43905,Take one tablet with water.
Levothyroxine,25369,Take one tablet every 6 hours.
Cetirizine,8812,Take one tablet three times a day.
Ibuprofen,22529,Take one tablet with water.
Cetirizine,7406,Take one tablet twice daily.
Amoxicillin,16247,Take one tablet every 8 hours for 7 days.
Tamsulosin,14735,Take one tablet twice daily.
Ibuprofen,29267,Take one tablet every 4-6 hours.
Simvastatin,37357,Take one tablet three times a day.
Azithromycin,38952,Take one tablet every morning.
Metformin,16921,Take one tablet daily.
Hydrochlorothiazide,44295,Take one tablet every morning.
Amoxicillin,45534,Take one tablet before bedtime.
Tamsulosin,17171,Take one tablet daily.
Amoxicillin,49397,Take one tablet every morning.
Simvastatin,12045,Take one tablet every 8 hours for 7 days.
Lisinopril,20876,Take one tablet twice daily.
Ibuprofen,47094,Take one tablet before meals.
Metoprolol,24549,Take one tablet daily.
Sertraline,25776,Take one tablet every 6 hours.
Simvastatin,22613,Take one tablet three times a day.
Tamsulosin,16376,Take one tablet with water.
Sertraline,44524,Take one tablet with water.
Omeprazole,39933,Take one tablet every 6 hours.
Hydrochlorothiazide,13494,Take one tablet before meals.
Cetirizine,41364,Take one tablet every morning.
Metoprolol,13115,Take one tablet before bedtime.
Amoxicillin,9909,Take one tablet before meals.
Paracetamol,36522,Take one tablet before meals.
Azithromycin,48891,Take one tablet twice daily.
Metformin,22228,Take one tablet every morning.
Hydrochlorothiazide,47542,Take one tablet before bedtime.
Montelukast,34395,Take one tablet before meals.
Sertraline,27723,Take one tablet twice daily.
Atorvastatin,31483,Take one tablet every morning.
Hydrochlorothiazide,16427,Take one tablet twice daily.
Metformin,24891,Take one tablet every 8 hours for 7 days.
Cetirizine,17138,Take one tablet every morning.
Montelukast,41767,Take one tablet three times a day.
Amoxicillin,22279,Take one tablet before meals.
Sertraline,16415,Take one tablet with water.
Gabapentin,7465,Take one tablet every morning.
Tamsulosin,9943,Take one tablet before meals.
Gabapentin,17283,Take one tablet twice daily.
Atorvastatin,24032,Take one tablet before bedtime.
Gabapentin,49370,Take one tablet before bedtime.
Metoprolol,36568,Take one tablet daily.
Furosemide,24347,Take one tablet before meals.
Amlodipine,18363,Take one tablet every 4-6 hours.
Gabapentin,37897,Take one tablet twice daily.
Losartan,10150,Take one tablet before bedtime.
Sertraline,30515,Take one tablet every 4-6 hours.
Lisinopril,48616,Take one tablet before bedtime.
Furosemide,24593,Take one tablet every 4-6 hours.
Hydrochlorothiazide,28338,Take one tablet every 4-6 hours.
Amlodipine,32857,Take one tablet before meals.
Omeprazole,29147,Take one tablet twice daily.
Paracetamol,24646,Take one tablet every morning.
Losartan,31845,Take one tablet every morning.
Paracetamol,42402,Take one tablet twice daily.
Gabapentin,5352,Take one tablet every 4-6 hours.
Ibuprofen,12518,Take one tablet before bedtime.
Sertraline,41069,Take one tablet every 4-6 hours.
Losartan,36158,Take one tablet three times a day.
Cetirizine,40873,Take one tablet before meals.
Metoprolol,11135,Take one tablet every 8 hours for 7 days.
Metformin,29145,Take one tablet before meals.
Tamsulosin,17510,Take one tablet twice daily.
Losartan,7920,Take one tablet every 8 hours for 7 days.
Furosemide,11390,Take one tablet every morning.
Paracetamol,23638,Take one tablet daily.
Amoxicillin,36248,Take one tablet three times a day.
Levothyroxine,33046,Take one tablet before bedtime.
Amoxicillin,15906,Take one tablet three times a day.
Montelukast,35772,Take one tablet before meals.
Metformin,43493,Take one tablet every 6 hours.
Amoxicillin,31462,Take one tablet daily.
Amlodipine,40321,Take one tablet daily.
Tamsulosin,25135,Take one tablet twice daily.
Gabapentin,14518,Take one tablet every morning.
Atorvastatin,14942,Take one tablet before bedtime.
Amlodipine,39241,Take one tablet twice daily.
Paracetamol,49816,Take one tablet every 4-6 hours.
Paracetamol,37700,Take one tablet with water.
Paracetamol,7253,Take one tablet daily.
Omeprazole,5011,Take one tablet every 8 hours for 7 days.
Losartan,37132,Take one tablet every 4-6 hours.
Cetirizine,41356,Take one tablet three times a day.
Simvastatin,14306,Take one tablet before bedtime.
Losartan,30595,Take one tablet before meals.
Paracetamol,47199,Take one tablet every 8 hours for 7 days.
Simvastatin,24972,Take one tablet every 8 hours for 7 days.
Cetirizine,19341,Take one tablet daily.
Losartan,29305,Take one tablet twice daily.
Tamsulosin,31921,Take one tablet with water.
Simvastatin,49302,Take one tablet every 6 hours.
Paracetamol,32379,Take one tablet daily.
Lisinopril,34967,Take one tablet every 4-6 hours.
Gabapentin,9316,Take one tablet every 8 hours for 7 days.
Paracetamol,49971,Take one tablet three times a day.
Lisinopril,5690,Take one tablet twice daily.
Metformin,23608,Take one tablet three times a day.
Furosemide,30185,Take one tablet with water.
Losartan,26204,Take one tablet every 4-6 hours.
Omeprazole,45822,Take one tablet twice daily.
Ibuprofen,5201,Take one tablet every 6 hours.
Metformin,46895,Take one tablet daily.
Sertraline,24149,Take one tablet every 8 hours for 7 days.
Tamsulosin,43941,Take one tablet before bedtime.
Ibuprofen,43534,Take one tablet every 8 hours for 7 days.
Metoprolol,28118,Take one tablet twice daily.
Atorvastatin,37271,Take one tablet every 6 hours.
Azithromycin,14076,Take one tablet daily.
Lisinopril,47853,Take one tablet every 8 hours for 7 days.
Metformin,19048,Take one tablet every morning.
Metoprolol,39935,Take one tablet twice daily.
Sertraline,49408,Take one tablet twice daily.
Losartan,37980,Take one tablet twice daily.
Sertraline,9716,Take one tablet before meals.
Paracetamol,9853,Take one tablet every 4-6 hours.
Hydrochlorothiazide,13725,Take one tablet before meals.
Gabapentin,11858,Take one tablet with water.
Montelukast,21188,Take one tablet with water.
Metformin,21331,Take one tablet twice daily.
Ibuprofen,12885,Take one tablet every morning.
Amlodipine,22533,Take one tablet every morning.
Furosemide,35958,Take one tablet with water.
Azithromycin,22699,Take one tablet every morning.
Furosemide,8155,Take one tablet with water.
Amoxicillin,41525,Take one tablet every morning.
Cetirizine,19057,Take one tablet every morning.
Furosemide,29926,Take one tablet twice daily.
Amoxicillin,16465,Take one tablet with water.
Omeprazole,49636,Take one tablet with water.
Azithromycin,17257,Take one tablet every 8 hours for 7 days.
Metformin,18018,Take one tablet every 6 hours.
Furosemide,20895,Take one tablet with water.
